Wavelength (nm),6803_P,7942_P,7120_P,cc124_P,Arabidopsis_P,Phaeodactylum_P,Symbiodinium_P,R. palustris_P,Sphingomonas,E. coli mScarlett,B. subtilis mTurqouise,V. natriegens sfGFP
375,0.176,0.2,0.237,0.188,0.16,0.22,0.145,0.234,0.294,0.345,0.317,0.334
376,0.176,0.2,0.236,0.189,0.161,0.22,0.145,0.232,0.294,0.343,0.316,0.331
377,0.176,0.2,0.237,0.189,0.161,0.22,0.145,0.232,0.293,0.342,0.315,0.33
378,0.175,0.2,0.237,0.189,0.162,0.22,0.145,0.232,0.291,0.341,0.314,0.329
379,0.175,0.199,0.237,0.189,0.162,0.22,0.145,0.233,0.291,0.341,0.313,0.327
380,0.175,0.199,0.237,0.19,0.163,0.22,0.146,0.233,0.289,0.341,0.312,0.326
381,0.175,0.199,0.238,0.19,0.164,0.22,0.146,0.232,0.288,0.341,0.31,0.325
382,0.175,0.199,0.238,0.19,0.165,0.22,0.146,0.232,0.287,0.34,0.31,0.326
383,0.176,0.199,0.238,0.191,0.165,0.221,0.146,0.232,0.286,0.34,0.309,0.322
384,0.175,0.199,0.238,0.191,0.166,0.22,0.146,0.231,0.285,0.34,0.308,0.322
385,0.175,0.199,0.238,0.191,0.167,0.22,0.146,0.23,0.284,0.339,0.307,0.321
386,0.175,0.199,0.238,0.191,0.167,0.221,0.147,0.23,0.282,0.34,0.306,0.321
387,0.175,0.199,0.239,0.192,0.167,0.221,0.147,0.229,0.282,0.339,0.305,0.319
388,0.175,0.199,0.238,0.192,0.168,0.221,0.147,0.229,0.281,0.338,0.304,0.317
389,0.175,0.199,0.239,0.192,0.168,0.221,0.147,0.228,0.28,0.339,0.303,0.317
390,0.175,0.199,0.239,0.192,0.168,0.221,0.147,0.227,0.279,0.338,0.302,0.315
391,0.175,0.199,0.239,0.192,0.167,0.221,0.147,0.226,0.278,0.337,0.301,0.315
392,0.175,0.198,0.239,0.192,0.167,0.221,0.147,0.226,0.277,0.337,0.3,0.315
393,0.175,0.198,0.239,0.192,0.167,0.221,0.147,0.225,0.276,0.337,0.299,0.312
394,0.174,0.198,0.239,0.192,0.167,0.221,0.147,0.224,0.275,0.337,0.298,0.312
395,0.174,0.198,0.238,0.192,0.166,0.221,0.147,0.223,0.275,0.337,0.298,0.311
396,0.174,0.197,0.238,0.192,0.165,0.221,0.147,0.222,0.274,0.336,0.296,0.311
397,0.174,0.197,0.238,0.192,0.165,0.221,0.147,0.221,0.273,0.336,0.295,0.309
398,0.173,0.197,0.238,0.192,0.164,0.221,0.147,0.219,0.272,0.336,0.294,0.308
399,0.173,0.197,0.238,0.192,0.164,0.221,0.147,0.218,0.271,0.335,0.293,0.307
400,0.173,0.197,0.238,0.192,0.163,0.221,0.148,0.217,0.27,0.335,0.293,0.306
401,0.173,0.197,0.238,0.192,0.162,0.221,0.148,0.216,0.269,0.335,0.292,0.305
402,0.172,0.196,0.237,0.192,0.161,0.221,0.148,0.215,0.268,0.334,0.29,0.303
403,0.172,0.196,0.237,0.192,0.161,0.221,0.148,0.214,0.268,0.334,0.29,0.302
404,0.172,0.196,0.237,0.193,0.161,0.221,0.148,0.213,0.267,0.334,0.289,0.302
405,0.172,0.196,0.238,0.193,0.161,0.222,0.148,0.213,0.267,0.333,0.288,0.301
406,0.172,0.196,0.238,0.194,0.16,0.221,0.148,0.212,0.266,0.333,0.287,0.299
407,0.171,0.197,0.238,0.194,0.16,0.222,0.148,0.211,0.265,0.333,0.286,0.299
408,0.171,0.197,0.238,0.194,0.16,0.221,0.148,0.21,0.265,0.332,0.285,0.298
409,0.171,0.198,0.238,0.195,0.161,0.222,0.148,0.209,0.264,0.332,0.284,0.297
410,0.171,0.198,0.238,0.196,0.161,0.222,0.148,0.208,0.264,0.332,0.283,0.296
411,0.172,0.199,0.239,0.196,0.161,0.222,0.148,0.207,0.263,0.332,0.282,0.295
412,0.172,0.199,0.24,0.197,0.162,0.222,0.149,0.206,0.262,0.331,0.281,0.294
413,0.173,0.2,0.24,0.198,0.162,0.223,0.149,0.205,0.261,0.331,0.281,0.293
414,0.173,0.201,0.241,0.199,0.163,0.223,0.149,0.204,0.26,0.331,0.28,0.292
415,0.174,0.202,0.241,0.199,0.163,0.223,0.149,0.202,0.259,0.33,0.279,0.291
416,0.174,0.203,0.242,0.2,0.164,0.224,0.149,0.2,0.258,0.33,0.278,0.29
417,0.175,0.204,0.243,0.201,0.165,0.224,0.149,0.199,0.257,0.329,0.277,0.289
418,0.175,0.204,0.244,0.202,0.165,0.225,0.149,0.198,0.256,0.328,0.276,0.288
419,0.176,0.205,0.244,0.202,0.165,0.225,0.149,0.196,0.255,0.327,0.275,0.287
420,0.176,0.206,0.245,0.203,0.165,0.225,0.149,0.195,0.253,0.326,0.274,0.286
421,0.176,0.206,0.245,0.204,0.165,0.225,0.149,0.193,0.252,0.325,0.273,0.285
422,0.177,0.207,0.246,0.204,0.164,0.226,0.149,0.192,0.251,0.324,0.273,0.284
423,0.177,0.207,0.246,0.205,0.164,0.226,0.149,0.191,0.249,0.323,0.272,0.283
424,0.177,0.208,0.246,0.205,0.164,0.226,0.149,0.19,0.248,0.322,0.271,0.282
425,0.177,0.208,0.247,0.206,0.163,0.226,0.149,0.189,0.247,0.321,0.27,0.282
426,0.177,0.208,0.247,0.206,0.162,0.226,0.149,0.187,0.246,0.32,0.269,0.281
427,0.178,0.209,0.247,0.206,0.162,0.226,0.15,0.187,0.244,0.319,0.268,0.28
428,0.178,0.209,0.247,0.207,0.162,0.227,0.15,0.185,0.243,0.318,0.267,0.279
429,0.178,0.209,0.247,0.207,0.161,0.227,0.149,0.184,0.242,0.317,0.266,0.278
430,0.178,0.21,0.247,0.208,0.161,0.227,0.15,0.183,0.241,0.316,0.265,0.277
431,0.178,0.21,0.247,0.208,0.161,0.227,0.15,0.182,0.24,0.315,0.264,0.276
432,0.178,0.211,0.248,0.209,0.162,0.227,0.15,0.18,0.239,0.314,0.264,0.275
433,0.179,0.212,0.248,0.21,0.162,0.228,0.15,0.179,0.238,0.313,0.263,0.274
434,0.179,0.212,0.248,0.21,0.163,0.228,0.15,0.178,0.237,0.312,0.262,0.273
435,0.18,0.213,0.249,0.211,0.164,0.228,0.15,0.177,0.236,0.311,0.261,0.272
436,0.181,0.215,0.249,0.212,0.165,0.228,0.15,0.175,0.235,0.31,0.26,0.271
437,0.182,0.216,0.25,0.212,0.166,0.229,0.15,0.174,0.234,0.309,0.259,0.27
438,0.184,0.217,0.251,0.213,0.167,0.229,0.15,0.173,0.233,0.308,0.258,0.269
439,0.185,0.218,0.252,0.214,0.168,0.23,0.15,0.172,0.232,0.307,0.257,0.269
440,0.186,0.219,0.252,0.214,0.168,0.23,0.15,0.171,0.231,0.306,0.256,0.268
441,0.187,0.22,0.253,0.215,0.168,0.23,0.15,0.17,0.23,0.305,0.256,0.267
442,0.188,0.22,0.253,0.215,0.168,0.231,0.15,0.169,0.229,0.304,0.255,0.266
443,0.189,0.221,0.254,0.216,0.168,0.231,0.149,0.168,0.228,0.303,0.254,0.265
444,0.19,0.221,0.254,0.216,0.168,0.231,0.149,0.168,0.227,0.303,0.253,0.264
445,0.191,0.222,0.255,0.216,0.167,0.232,0.149,0.167,0.227,0.302,0.252,0.263
446,0.191,0.221,0.255,0.216,0.165,0.232,0.149,0.166,0.226,0.301,0.251,0.262
447,0.191,0.221,0.255,0.216,0.163,0.232,0.149,0.165,0.225,0.3,0.25,0.261
448,0.191,0.22,0.254,0.216,0.161,0.232,0.149,0.165,0.224,0.299,0.25,0.261
449,0.191,0.219,0.254,0.216,0.158,0.232,0.149,0.164,0.223,0.299,0.249,0.26
450,0.19,0.218,0.253,0.215,0.155,0.232,0.148,0.164,0.222,0.298,0.248,0.259
451,0.189,0.217,0.252,0.215,0.151,0.231,0.148,0.163,0.222,0.297,0.247,0.258
452,0.187,0.215,0.25,0.214,0.148,0.231,0.148,0.162,0.221,0.296,0.246,0.257
453,0.186,0.214,0.249,0.213,0.145,0.231,0.148,0.162,0.22,0.296,0.246,0.256
454,0.185,0.212,0.247,0.213,0.141,0.23,0.148,0.161,0.219,0.295,0.245,0.255
455,0.183,0.21,0.246,0.212,0.137,0.23,0.148,0.16,0.219,0.294,0.244,0.254
456,0.182,0.209,0.244,0.211,0.134,0.229,0.148,0.16,0.218,0.293,0.243,0.254
457,0.18,0.207,0.242,0.21,0.131,0.229,0.148,0.159,0.217,0.292,0.242,0.253
458,0.179,0.206,0.241,0.209,0.129,0.229,0.148,0.159,0.217,0.292,0.241,0.252
459,0.178,0.204,0.239,0.209,0.126,0.229,0.148,0.158,0.216,0.291,0.241,0.251
460,0.177,0.203,0.238,0.208,0.124,0.229,0.148,0.158,0.215,0.29,0.24,0.25
461,0.176,0.202,0.237,0.208,0.123,0.228,0.148,0.157,0.215,0.289,0.239,0.249
462,0.175,0.201,0.235,0.208,0.122,0.228,0.148,0.157,0.214,0.289,0.238,0.249
463,0.174,0.2,0.234,0.207,0.121,0.228,0.148,0.156,0.213,0.288,0.238,0.248
464,0.173,0.199,0.233,0.207,0.121,0.228,0.148,0.156,0.213,0.287,0.237,0.247
465,0.173,0.198,0.232,0.207,0.12,0.228,0.148,0.156,0.212,0.286,0.236,0.246
466,0.172,0.197,0.232,0.207,0.12,0.228,0.147,0.155,0.211,0.286,0.235,0.245
467,0.171,0.196,0.231,0.207,0.12,0.227,0.147,0.155,0.21,0.285,0.234,0.245
468,0.171,0.196,0.231,0.207,0.12,0.227,0.147,0.155,0.21,0.284,0.234,0.244
469,0.17,0.195,0.23,0.207,0.12,0.227,0.147,0.154,0.209,0.284,0.233,0.243
470,0.169,0.194,0.23,0.207,0.12,0.227,0.147,0.154,0.208,0.283,0.232,0.242
471,0.169,0.193,0.229,0.208,0.121,0.226,0.147,0.154,0.207,0.282,0.231,0.242
472,0.169,0.192,0.229,0.208,0.121,0.226,0.147,0.154,0.206,0.281,0.231,0.241
473,0.168,0.192,0.229,0.208,0.121,0.225,0.146,0.153,0.205,0.281,0.23,0.24
474,0.168,0.191,0.228,0.209,0.121,0.225,0.146,0.153,0.204,0.28,0.229,0.239
475,0.167,0.19,0.228,0.209,0.121,0.225,0.146,0.153,0.203,0.279,0.228,0.239
476,0.167,0.189,0.228,0.209,0.121,0.224,0.146,0.152,0.202,0.278,0.228,0.238
477,0.166,0.188,0.227,0.209,0.121,0.224,0.145,0.152,0.201,0.278,0.227,0.237
478,0.166,0.187,0.227,0.209,0.121,0.223,0.145,0.152,0.201,0.277,0.226,0.236
479,0.165,0.186,0.227,0.21,0.12,0.223,0.145,0.152,0.2,0.276,0.226,0.236
480,0.165,0.185,0.226,0.21,0.12,0.222,0.145,0.151,0.199,0.276,0.225,0.235
481,0.164,0.184,0.226,0.21,0.119,0.222,0.144,0.151,0.198,0.275,0.224,0.234
482,0.164,0.184,0.225,0.21,0.118,0.221,0.144,0.15,0.197,0.274,0.223,0.233
483,0.163,0.183,0.225,0.21,0.118,0.221,0.143,0.15,0.197,0.274,0.223,0.233
484,0.163,0.182,0.225,0.21,0.117,0.22,0.143,0.149,0.196,0.273,0.222,0.232
485,0.162,0.181,0.224,0.21,0.116,0.22,0.143,0.149,0.195,0.272,0.221,0.231
486,0.162,0.18,0.224,0.209,0.115,0.22,0.142,0.149,0.194,0.272,0.22,0.23
487,0.162,0.18,0.224,0.209,0.114,0.219,0.142,0.148,0.194,0.271,0.22,0.23
488,0.161,0.179,0.224,0.209,0.114,0.219,0.142,0.148,0.193,0.27,0.219,0.229
489,0.161,0.179,0.224,0.209,0.113,0.219,0.142,0.147,0.192,0.27,0.218,0.228
490,0.161,0.178,0.224,0.208,0.112,0.219,0.141,0.147,0.192,0.269,0.218,0.228
491,0.16,0.178,0.224,0.208,0.111,0.219,0.141,0.147,0.191,0.268,0.217,0.227
492,0.16,0.177,0.223,0.207,0.11,0.219,0.141,0.146,0.19,0.268,0.216,0.226
493,0.16,0.177,0.223,0.206,0.109,0.218,0.141,0.146,0.19,0.267,0.216,0.225
494,0.159,0.177,0.223,0.206,0.108,0.218,0.141,0.146,0.189,0.266,0.215,0.225
495,0.159,0.176,0.223,0.205,0.107,0.218,0.141,0.145,0.188,0.266,0.214,0.224
496,0.159,0.176,0.223,0.204,0.106,0.218,0.141,0.145,0.188,0.265,0.214,0.223
497,0.158,0.176,0.223,0.203,0.105,0.218,0.14,0.145,0.187,0.264,0.213,0.223
498,0.158,0.175,0.223,0.202,0.104,0.218,0.14,0.145,0.186,0.264,0.212,0.222
499,0.158,0.175,0.223,0.201,0.103,0.218,0.14,0.145,0.185,0.263,0.212,0.221
500,0.158,0.175,0.223,0.2,0.101,0.218,0.14,0.145,0.185,0.263,0.211,0.22
501,0.157,0.174,0.223,0.199,0.1,0.218,0.14,0.145,0.184,0.262,0.21,0.22
502,0.157,0.174,0.222,0.198,0.098,0.217,0.14,0.145,0.183,0.261,0.21,0.219
503,0.156,0.173,0.222,0.197,0.097,0.217,0.14,0.145,0.182,0.261,0.209,0.219
504,0.156,0.173,0.222,0.196,0.095,0.217,0.139,0.145,0.181,0.26,0.209,0.218
505,0.156,0.172,0.222,0.195,0.094,0.217,0.139,0.144,0.18,0.259,0.208,0.217
506,0.155,0.172,0.222,0.193,0.092,0.216,0.139,0.144,0.179,0.259,0.207,0.217
507,0.155,0.171,0.221,0.192,0.091,0.216,0.139,0.144,0.178,0.258,0.207,0.216
508,0.154,0.17,0.221,0.191,0.089,0.215,0.138,0.144,0.177,0.257,0.206,0.215
509,0.154,0.169,0.221,0.19,0.087,0.215,0.138,0.144,0.177,0.257,0.205,0.214
510,0.153,0.168,0.221,0.188,0.086,0.215,0.138,0.143,0.176,0.256,0.205,0.214
511,0.153,0.167,0.22,0.187,0.084,0.214,0.137,0.143,0.175,0.255,0.204,0.213
512,0.152,0.167,0.22,0.186,0.083,0.214,0.137,0.143,0.174,0.255,0.203,0.212
513,0.152,0.165,0.22,0.184,0.081,0.214,0.137,0.142,0.173,0.254,0.203,0.212
514,0.151,0.164,0.219,0.183,0.079,0.213,0.137,0.142,0.172,0.253,0.202,0.211
515,0.151,0.163,0.219,0.182,0.078,0.213,0.136,0.141,0.171,0.253,0.201,0.21
516,0.15,0.162,0.218,0.18,0.076,0.212,0.136,0.14,0.17,0.252,0.201,0.21
517,0.149,0.161,0.218,0.179,0.075,0.212,0.136,0.14,0.169,0.251,0.2,0.209
518,0.149,0.16,0.217,0.178,0.074,0.211,0.136,0.139,0.168,0.251,0.199,0.208
519,0.148,0.159,0.217,0.177,0.073,0.211,0.136,0.139,0.167,0.25,0.199,0.208
520,0.148,0.158,0.217,0.175,0.071,0.211,0.135,0.138,0.166,0.25,0.198,0.207
521,0.147,0.157,0.216,0.174,0.07,0.21,0.135,0.137,0.166,0.249,0.197,0.206
522,0.147,0.155,0.216,0.173,0.069,0.21,0.135,0.137,0.165,0.249,0.197,0.206
523,0.146,0.154,0.215,0.172,0.068,0.21,0.135,0.136,0.164,0.248,0.196,0.205
524,0.145,0.153,0.215,0.171,0.067,0.209,0.135,0.135,0.163,0.248,0.195,0.204
525,0.145,0.152,0.214,0.17,0.066,0.209,0.134,0.135,0.163,0.247,0.194,0.204
526,0.144,0.151,0.214,0.169,0.065,0.208,0.134,0.134,0.162,0.247,0.194,0.203
527,0.144,0.15,0.214,0.168,0.064,0.208,0.134,0.134,0.161,0.246,0.193,0.202
528,0.143,0.149,0.213,0.167,0.063,0.208,0.134,0.133,0.16,0.246,0.193,0.202
529,0.143,0.148,0.213,0.166,0.063,0.207,0.134,0.133,0.16,0.246,0.192,0.201
530,0.142,0.147,0.213,0.165,0.062,0.207,0.134,0.132,0.159,0.245,0.191,0.2
531,0.142,0.146,0.212,0.165,0.061,0.207,0.134,0.132,0.159,0.245,0.191,0.2
532,0.141,0.145,0.212,0.164,0.061,0.206,0.133,0.131,0.158,0.244,0.19,0.199
533,0.14,0.144,0.211,0.163,0.06,0.206,0.133,0.131,0.157,0.244,0.19,0.199
534,0.14,0.144,0.211,0.163,0.06,0.206,0.133,0.131,0.157,0.243,0.189,0.198
535,0.139,0.143,0.211,0.162,0.059,0.205,0.133,0.131,0.156,0.243,0.188,0.197
536,0.139,0.142,0.211,0.161,0.059,0.205,0.133,0.13,0.155,0.242,0.188,0.197
537,0.138,0.141,0.211,0.161,0.058,0.205,0.133,0.13,0.155,0.242,0.187,0.196
538,0.137,0.14,0.21,0.16,0.058,0.204,0.132,0.13,0.154,0.241,0.187,0.195
539,0.137,0.14,0.21,0.16,0.058,0.204,0.132,0.13,0.154,0.241,0.186,0.195
540,0.136,0.139,0.21,0.159,0.057,0.204,0.132,0.13,0.153,0.24,0.185,0.194
541,0.135,0.139,0.21,0.159,0.057,0.203,0.132,0.129,0.152,0.239,0.185,0.194
542,0.135,0.138,0.21,0.159,0.057,0.203,0.132,0.129,0.152,0.239,0.184,0.193
543,0.134,0.137,0.21,0.158,0.056,0.203,0.131,0.129,0.151,0.238,0.184,0.192
544,0.134,0.137,0.209,0.158,0.056,0.202,0.131,0.129,0.151,0.238,0.183,0.192
545,0.133,0.136,0.209,0.158,0.056,0.202,0.131,0.128,0.15,0.237,0.183,0.191
546,0.132,0.136,0.209,0.157,0.056,0.202,0.131,0.128,0.15,0.237,0.182,0.191
547,0.132,0.135,0.209,0.157,0.056,0.201,0.131,0.128,0.149,0.236,0.182,0.19
548,0.131,0.135,0.209,0.157,0.055,0.201,0.13,0.127,0.149,0.236,0.181,0.19
549,0.131,0.134,0.209,0.157,0.055,0.2,0.13,0.127,0.148,0.235,0.18,0.189
550,0.13,0.134,0.209,0.156,0.055,0.2,0.13,0.126,0.147,0.235,0.18,0.188
551,0.13,0.133,0.209,0.156,0.055,0.2,0.13,0.125,0.147,0.234,0.179,0.188
552,0.129,0.133,0.209,0.156,0.054,0.2,0.129,0.125,0.146,0.234,0.179,0.187
553,0.129,0.133,0.209,0.156,0.054,0.199,0.129,0.124,0.146,0.233,0.178,0.187
554,0.128,0.132,0.21,0.156,0.054,0.199,0.129,0.123,0.145,0.233,0.178,0.186
555,0.128,0.132,0.21,0.155,0.054,0.198,0.129,0.123,0.145,0.232,0.177,0.186
556,0.127,0.131,0.21,0.155,0.053,0.198,0.128,0.122,0.144,0.232,0.177,0.185
557,0.127,0.131,0.21,0.155,0.053,0.198,0.128,0.121,0.144,0.232,0.176,0.184
558,0.127,0.131,0.21,0.154,0.053,0.197,0.128,0.12,0.143,0.231,0.176,0.184
559,0.126,0.13,0.211,0.154,0.053,0.197,0.127,0.12,0.143,0.231,0.175,0.183
560,0.126,0.13,0.211,0.154,0.053,0.196,0.127,0.119,0.142,0.231,0.175,0.183
561,0.125,0.13,0.211,0.154,0.053,0.196,0.127,0.118,0.142,0.231,0.174,0.182
562,0.125,0.13,0.212,0.154,0.052,0.195,0.126,0.117,0.141,0.23,0.173,0.182
563,0.125,0.13,0.212,0.154,0.052,0.195,0.126,0.117,0.141,0.23,0.173,0.181
564,0.125,0.129,0.213,0.153,0.052,0.195,0.126,0.116,0.14,0.23,0.173,0.181
565,0.124,0.129,0.213,0.153,0.052,0.194,0.126,0.115,0.14,0.23,0.172,0.18
566,0.124,0.129,0.213,0.153,0.052,0.194,0.125,0.114,0.139,0.23,0.171,0.18
567,0.124,0.129,0.214,0.153,0.052,0.194,0.125,0.114,0.139,0.23,0.171,0.179
568,0.123,0.129,0.214,0.153,0.052,0.193,0.125,0.113,0.138,0.23,0.171,0.179
569,0.123,0.129,0.215,0.153,0.052,0.193,0.125,0.112,0.138,0.23,0.17,0.178
570,0.123,0.129,0.215,0.153,0.052,0.192,0.125,0.112,0.137,0.23,0.169,0.178
571,0.123,0.129,0.216,0.153,0.052,0.192,0.125,0.111,0.137,0.23,0.169,0.177
572,0.123,0.129,0.216,0.153,0.052,0.192,0.124,0.111,0.136,0.229,0.169,0.177
573,0.122,0.129,0.217,0.153,0.052,0.191,0.124,0.11,0.136,0.229,0.168,0.176
574,0.122,0.129,0.217,0.153,0.052,0.191,0.124,0.109,0.135,0.229,0.167,0.176
575,0.122,0.129,0.218,0.153,0.052,0.191,0.124,0.109,0.135,0.229,0.167,0.175
576,0.122,0.129,0.218,0.153,0.052,0.19,0.124,0.108,0.135,0.228,0.166,0.175
577,0.122,0.129,0.218,0.153,0.053,0.19,0.124,0.108,0.134,0.228,0.166,0.174
578,0.122,0.129,0.219,0.153,0.053,0.19,0.124,0.108,0.134,0.228,0.166,0.174
579,0.122,0.129,0.219,0.153,0.053,0.189,0.124,0.107,0.133,0.227,0.165,0.173
580,0.122,0.129,0.22,0.153,0.053,0.189,0.124,0.107,0.133,0.227,0.165,0.173
581,0.121,0.129,0.22,0.153,0.053,0.189,0.124,0.107,0.132,0.226,0.164,0.172
582,0.121,0.129,0.22,0.153,0.054,0.189,0.124,0.106,0.132,0.225,0.164,0.172
583,0.121,0.129,0.221,0.153,0.054,0.188,0.124,0.106,0.132,0.224,0.163,0.171
584,0.121,0.129,0.221,0.153,0.054,0.188,0.124,0.106,0.131,0.223,0.163,0.171
585,0.121,0.13,0.222,0.153,0.054,0.188,0.124,0.106,0.131,0.223,0.162,0.17
586,0.121,0.13,0.222,0.153,0.054,0.188,0.124,0.106,0.13,0.221,0.162,0.17
587,0.121,0.13,0.222,0.153,0.054,0.187,0.124,0.106,0.13,0.22,0.161,0.169
588,0.121,0.13,0.223,0.153,0.054,0.187,0.125,0.106,0.129,0.219,0.161,0.169
589,0.121,0.13,0.223,0.153,0.054,0.187,0.125,0.106,0.129,0.219,0.16,0.168
590,0.121,0.13,0.224,0.153,0.054,0.187,0.125,0.106,0.128,0.218,0.16,0.168
591,0.121,0.13,0.224,0.153,0.054,0.187,0.125,0.106,0.128,0.217,0.159,0.167
592,0.121,0.13,0.225,0.153,0.055,0.186,0.125,0.106,0.127,0.216,0.159,0.167
593,0.12,0.13,0.225,0.153,0.055,0.186,0.125,0.106,0.127,0.215,0.158,0.166
594,0.12,0.13,0.226,0.153,0.055,0.186,0.125,0.106,0.126,0.214,0.158,0.166
595,0.12,0.13,0.226,0.153,0.055,0.186,0.125,0.106,0.126,0.213,0.158,0.165
596,0.12,0.13,0.227,0.153,0.055,0.186,0.125,0.106,0.126,0.212,0.157,0.165
597,0.12,0.13,0.228,0.153,0.055,0.185,0.125,0.106,0.125,0.211,0.157,0.164
598,0.12,0.13,0.228,0.153,0.055,0.185,0.125,0.106,0.125,0.21,0.156,0.164
599,0.12,0.131,0.229,0.154,0.055,0.185,0.125,0.105,0.124,0.21,0.156,0.164
600,0.12,0.131,0.229,0.154,0.055,0.185,0.125,0.105,0.124,0.209,0.155,0.163
601,0.12,0.131,0.23,0.154,0.055,0.184,0.124,0.104,0.123,0.208,0.155,0.163
602,0.12,0.131,0.23,0.154,0.055,0.184,0.124,0.103,0.123,0.207,0.154,0.162
603,0.12,0.131,0.231,0.154,0.055,0.184,0.124,0.102,0.123,0.206,0.154,0.162
604,0.12,0.132,0.231,0.154,0.055,0.183,0.124,0.102,0.122,0.206,0.154,0.161
605,0.12,0.132,0.232,0.154,0.055,0.183,0.124,0.101,0.122,0.205,0.153,0.161
606,0.12,0.132,0.233,0.154,0.055,0.183,0.124,0.1,0.121,0.204,0.153,0.16
607,0.121,0.133,0.233,0.154,0.055,0.183,0.124,0.099,0.121,0.204,0.152,0.16
608,0.121,0.133,0.234,0.154,0.055,0.182,0.124,0.098,0.121,0.203,0.152,0.159
609,0.121,0.134,0.234,0.154,0.055,0.182,0.124,0.098,0.12,0.202,0.151,0.159
610,0.121,0.134,0.235,0.154,0.055,0.182,0.124,0.097,0.12,0.202,0.151,0.159
611,0.121,0.135,0.236,0.154,0.055,0.182,0.124,0.096,0.12,0.201,0.151,0.158
612,0.122,0.136,0.236,0.154,0.055,0.182,0.124,0.096,0.119,0.201,0.15,0.158
613,0.122,0.136,0.237,0.154,0.056,0.181,0.124,0.095,0.119,0.2,0.15,0.157
614,0.122,0.137,0.237,0.155,0.056,0.181,0.124,0.094,0.118,0.2,0.149,0.157
615,0.123,0.138,0.238,0.155,0.056,0.181,0.124,0.094,0.118,0.199,0.149,0.156
616,0.123,0.139,0.238,0.155,0.056,0.181,0.124,0.093,0.118,0.198,0.148,0.156
617,0.124,0.14,0.239,0.155,0.056,0.181,0.125,0.093,0.117,0.198,0.148,0.156
618,0.124,0.141,0.239,0.155,0.057,0.181,0.125,0.092,0.117,0.197,0.148,0.155
619,0.125,0.142,0.24,0.155,0.057,0.181,0.125,0.092,0.117,0.197,0.147,0.155
620,0.125,0.143,0.241,0.156,0.057,0.181,0.125,0.091,0.116,0.197,0.147,0.154
621,0.126,0.144,0.241,0.156,0.057,0.181,0.125,0.091,0.116,0.196,0.146,0.154
622,0.126,0.145,0.242,0.156,0.058,0.18,0.125,0.09,0.115,0.196,0.146,0.153
623,0.127,0.146,0.242,0.156,0.058,0.18,0.125,0.09,0.115,0.195,0.146,0.153
624,0.127,0.146,0.242,0.156,0.058,0.18,0.126,0.089,0.115,0.194,0.145,0.153
625,0.128,0.147,0.243,0.156,0.058,0.18,0.126,0.089,0.114,0.194,0.145,0.152
626,0.128,0.148,0.243,0.156,0.059,0.18,0.126,0.089,0.114,0.193,0.144,0.152
627,0.128,0.149,0.244,0.156,0.059,0.18,0.126,0.088,0.114,0.193,0.144,0.151
628,0.129,0.149,0.244,0.156,0.059,0.18,0.126,0.088,0.113,0.192,0.144,0.151
629,0.129,0.15,0.244,0.156,0.059,0.18,0.126,0.087,0.113,0.192,0.143,0.151
630,0.129,0.151,0.245,0.156,0.059,0.18,0.126,0.087,0.113,0.191,0.143,0.15
631,0.13,0.151,0.245,0.156,0.059,0.179,0.126,0.087,0.112,0.191,0.142,0.15
632,0.13,0.151,0.245,0.156,0.059,0.179,0.127,0.086,0.112,0.191,0.142,0.149
633,0.13,0.152,0.246,0.156,0.059,0.179,0.127,0.086,0.111,0.19,0.142,0.149
634,0.13,0.152,0.246,0.156,0.059,0.179,0.127,0.086,0.111,0.19,0.141,0.148
635,0.13,0.152,0.246,0.156,0.059,0.179,0.127,0.085,0.111,0.189,0.141,0.148
636,0.13,0.152,0.246,0.155,0.058,0.179,0.127,0.085,0.11,0.189,0.14,0.148
637,0.13,0.152,0.247,0.155,0.059,0.179,0.127,0.085,0.11,0.188,0.14,0.147
638,0.13,0.151,0.247,0.155,0.059,0.179,0.127,0.084,0.11,0.188,0.14,0.147
639,0.129,0.151,0.247,0.155,0.059,0.178,0.127,0.084,0.109,0.187,0.139,0.146
640,0.129,0.151,0.247,0.155,0.059,0.178,0.127,0.084,0.109,0.187,0.139,0.146
641,0.129,0.15,0.247,0.155,0.059,0.178,0.127,0.083,0.109,0.186,0.138,0.146
642,0.128,0.149,0.247,0.155,0.059,0.178,0.127,0.083,0.108,0.186,0.138,0.145
643,0.128,0.149,0.247,0.155,0.06,0.178,0.127,0.083,0.108,0.185,0.138,0.145
644,0.127,0.148,0.246,0.156,0.06,0.178,0.127,0.082,0.108,0.185,0.137,0.145
645,0.127,0.147,0.246,0.157,0.061,0.177,0.127,0.082,0.107,0.185,0.137,0.144
646,0.126,0.145,0.245,0.157,0.062,0.177,0.127,0.082,0.107,0.184,0.137,0.144
647,0.125,0.144,0.245,0.158,0.062,0.177,0.127,0.082,0.107,0.184,0.136,0.143
648,0.125,0.143,0.244,0.159,0.063,0.176,0.127,0.081,0.106,0.183,0.136,0.143
649,0.124,0.142,0.243,0.161,0.064,0.176,0.128,0.081,0.106,0.183,0.136,0.143
650,0.123,0.14,0.243,0.162,0.066,0.176,0.128,0.081,0.106,0.182,0.135,0.142
651,0.123,0.139,0.242,0.164,0.067,0.175,0.128,0.081,0.105,0.182,0.135,0.142
652,0.122,0.138,0.242,0.165,0.068,0.175,0.128,0.08,0.105,0.181,0.134,0.141
653,0.121,0.136,0.241,0.166,0.069,0.174,0.128,0.08,0.105,0.181,0.134,0.141
654,0.121,0.135,0.241,0.168,0.07,0.174,0.128,0.08,0.105,0.181,0.134,0.141
655,0.12,0.134,0.241,0.169,0.07,0.174,0.128,0.08,0.104,0.18,0.133,0.14
656,0.12,0.133,0.24,0.17,0.071,0.173,0.128,0.079,0.104,0.18,0.133,0.14
657,0.119,0.132,0.24,0.17,0.071,0.173,0.128,0.079,0.103,0.179,0.133,0.14
658,0.119,0.131,0.24,0.171,0.072,0.173,0.128,0.079,0.103,0.179,0.132,0.139
659,0.119,0.13,0.239,0.171,0.072,0.173,0.129,0.079,0.103,0.178,0.132,0.139
660,0.118,0.129,0.239,0.171,0.073,0.173,0.129,0.078,0.103,0.178,0.132,0.139
661,0.118,0.128,0.239,0.171,0.074,0.173,0.129,0.078,0.102,0.178,0.131,0.138
662,0.118,0.128,0.239,0.171,0.075,0.173,0.129,0.078,0.102,0.177,0.131,0.138
663,0.118,0.128,0.238,0.172,0.076,0.173,0.13,0.078,0.102,0.177,0.13,0.137
664,0.118,0.128,0.238,0.172,0.077,0.173,0.131,0.077,0.101,0.176,0.13,0.137
665,0.118,0.128,0.238,0.174,0.079,0.173,0.132,0.077,0.101,0.176,0.13,0.137
666,0.119,0.128,0.238,0.175,0.081,0.174,0.133,0.077,0.101,0.176,0.13,0.136
667,0.119,0.129,0.238,0.176,0.084,0.175,0.133,0.077,0.101,0.175,0.129,0.136
668,0.12,0.13,0.238,0.178,0.086,0.175,0.134,0.076,0.1,0.175,0.129,0.136
669,0.122,0.131,0.238,0.18,0.089,0.176,0.135,0.076,0.1,0.175,0.128,0.135
670,0.123,0.132,0.238,0.182,0.092,0.177,0.136,0.076,0.1,0.174,0.128,0.135
671,0.124,0.134,0.238,0.184,0.095,0.179,0.137,0.076,0.099,0.174,0.128,0.134
672,0.126,0.135,0.239,0.187,0.098,0.18,0.138,0.075,0.099,0.173,0.128,0.134
673,0.128,0.136,0.239,0.189,0.101,0.182,0.138,0.075,0.099,0.173,0.127,0.134
674,0.129,0.137,0.24,0.191,0.104,0.183,0.139,0.075,0.099,0.173,0.127,0.134
675,0.131,0.138,0.24,0.192,0.107,0.185,0.14,0.075,0.098,0.172,0.126,0.133
676,0.132,0.14,0.241,0.194,0.11,0.186,0.14,0.075,0.098,0.172,0.126,0.133
677,0.134,0.14,0.241,0.196,0.112,0.188,0.14,0.074,0.098,0.171,0.126,0.132
678,0.135,0.141,0.242,0.197,0.114,0.189,0.14,0.074,0.097,0.171,0.125,0.132
679,0.136,0.142,0.243,0.199,0.116,0.19,0.141,0.074,0.097,0.171,0.125,0.132
680,0.137,0.142,0.243,0.2,0.118,0.191,0.14,0.074,0.097,0.17,0.125,0.131
681,0.137,0.142,0.244,0.201,0.12,0.192,0.14,0.073,0.096,0.17,0.124,0.131
682,0.137,0.142,0.245,0.203,0.121,0.192,0.14,0.073,0.096,0.169,0.124,0.131
683,0.137,0.142,0.245,0.204,0.122,0.192,0.14,0.073,0.096,0.169,0.124,0.13
684,0.136,0.142,0.246,0.205,0.123,0.192,0.139,0.073,0.096,0.169,0.123,0.13
685,0.136,0.141,0.246,0.206,0.123,0.192,0.138,0.073,0.095,0.168,0.123,0.13
686,0.135,0.141,0.247,0.207,0.122,0.191,0.138,0.072,0.095,0.168,0.123,0.129
687,0.135,0.14,0.247,0.207,0.12,0.191,0.137,0.072,0.095,0.168,0.123,0.129
688,0.134,0.139,0.246,0.206,0.117,0.19,0.136,0.072,0.094,0.167,0.122,0.129
689,0.133,0.138,0.246,0.206,0.113,0.19,0.135,0.072,0.094,0.167,0.122,0.128
690,0.132,0.137,0.245,0.204,0.108,0.189,0.134,0.072,0.094,0.166,0.121,0.128
691,0.13,0.135,0.245,0.202,0.103,0.188,0.133,0.071,0.094,0.166,0.121,0.128
692,0.129,0.133,0.243,0.2,0.098,0.187,0.131,0.071,0.094,0.166,0.121,0.127
693,0.127,0.131,0.242,0.197,0.092,0.187,0.13,0.071,0.093,0.165,0.121,0.127
694,0.125,0.129,0.241,0.194,0.087,0.185,0.129,0.071,0.093,0.165,0.12,0.127
695,0.123,0.127,0.239,0.191,0.083,0.184,0.127,0.071,0.093,0.165,0.12,0.126
696,0.121,0.125,0.238,0.188,0.078,0.183,0.126,0.07,0.092,0.164,0.12,0.126
697,0.12,0.123,0.236,0.185,0.075,0.182,0.125,0.07,0.092,0.164,0.119,0.126
698,0.118,0.121,0.234,0.183,0.071,0.181,0.125,0.07,0.092,0.163,0.119,0.125
699,0.117,0.119,0.233,0.18,0.068,0.18,0.124,0.07,0.092,0.163,0.119,0.125
700,0.115,0.118,0.231,0.178,0.066,0.179,0.123,0.07,0.091,0.163,0.118,0.125
701,0.114,0.116,0.23,0.176,0.063,0.178,0.123,0.07,0.091,0.162,0.118,0.125
702,0.113,0.115,0.228,0.174,0.061,0.177,0.122,0.069,0.091,0.162,0.118,0.124
703,0.112,0.114,0.226,0.172,0.059,0.177,0.122,0.069,0.09,0.162,0.117,0.124
704,0.111,0.113,0.225,0.17,0.058,0.176,0.122,0.069,0.09,0.161,0.117,0.123
705,0.11,0.111,0.224,0.169,0.056,0.175,0.121,0.069,0.09,0.161,0.117,0.123
706,0.109,0.11,0.222,0.167,0.055,0.174,0.121,0.068,0.09,0.161,0.116,0.123
707,0.108,0.109,0.221,0.166,0.053,0.174,0.121,0.068,0.089,0.16,0.116,0.122
708,0.107,0.109,0.22,0.165,0.052,0.173,0.121,0.068,0.089,0.16,0.116,0.122
709,0.107,0.108,0.219,0.163,0.051,0.173,0.121,0.068,0.089,0.159,0.116,0.122
710,0.106,0.107,0.218,0.163,0.051,0.172,0.12,0.068,0.089,0.159,0.115,0.122
711,0.105,0.106,0.217,0.162,0.05,0.172,0.12,0.068,0.089,0.159,0.115,0.121
712,0.105,0.106,0.216,0.161,0.049,0.172,0.12,0.068,0.088,0.158,0.115,0.121
713,0.104,0.105,0.216,0.16,0.048,0.171,0.12,0.068,0.088,0.158,0.115,0.121
714,0.103,0.104,0.215,0.159,0.048,0.171,0.12,0.067,0.088,0.158,0.114,0.12
715,0.103,0.104,0.214,0.158,0.047,0.17,0.12,0.067,0.087,0.157,0.114,0.12
716,0.102,0.103,0.213,0.158,0.046,0.17,0.12,0.067,0.087,0.157,0.113,0.12
717,0.102,0.103,0.212,0.157,0.046,0.169,0.12,0.067,0.087,0.157,0.113,0.119
718,0.101,0.102,0.212,0.157,0.045,0.169,0.12,0.067,0.087,0.156,0.113,0.119
719,0.101,0.102,0.211,0.156,0.045,0.169,0.12,0.067,0.087,0.156,0.113,0.119
720,0.1,0.101,0.21,0.155,0.044,0.169,0.12,0.066,0.086,0.156,0.112,0.119
721,0.1,0.101,0.21,0.155,0.044,0.168,0.12,0.066,0.086,0.155,0.112,0.118
722,0.099,0.1,0.209,0.154,0.044,0.168,0.12,0.066,0.086,0.155,0.112,0.118
723,0.099,0.1,0.209,0.154,0.043,0.168,0.12,0.066,0.086,0.155,0.111,0.118
724,0.098,0.099,0.208,0.154,0.043,0.168,0.12,0.066,0.085,0.154,0.111,0.117
725,0.098,0.099,0.208,0.153,0.043,0.167,0.12,0.066,0.085,0.154,0.111,0.117
726,0.098,0.098,0.207,0.153,0.042,0.167,0.12,0.065,0.085,0.153,0.111,0.117
727,0.097,0.098,0.207,0.152,0.042,0.167,0.12,0.065,0.085,0.153,0.11,0.117
728,0.097,0.098,0.206,0.152,0.042,0.167,0.12,0.065,0.084,0.153,0.11,0.116
729,0.096,0.097,0.206,0.152,0.041,0.166,0.12,0.065,0.084,0.152,0.11,0.116
730,0.096,0.097,0.205,0.151,0.041,0.166,0.12,0.065,0.084,0.152,0.109,0.116
731,0.096,0.097,0.205,0.151,0.041,0.166,0.12,0.065,0.084,0.152,0.109,0.115
732,0.095,0.096,0.204,0.151,0.041,0.166,0.12,0.065,0.083,0.151,0.109,0.115
733,0.095,0.096,0.204,0.15,0.04,0.165,0.12,0.064,0.083,0.151,0.109,0.115
734,0.095,0.096,0.204,0.15,0.04,0.165,0.12,0.064,0.083,0.151,0.109,0.115
735,0.094,0.095,0.203,0.15,0.04,0.165,0.12,0.064,0.083,0.151,0.108,0.114
736,0.094,0.095,0.203,0.15,0.04,0.165,0.12,0.064,0.083,0.15,0.108,0.114
737,0.094,0.095,0.203,0.15,0.04,0.165,0.12,0.064,0.083,0.15,0.108,0.114
738,0.094,0.094,0.202,0.149,0.04,0.164,0.12,0.064,0.082,0.15,0.108,0.113
739,0.093,0.094,0.202,0.149,0.039,0.164,0.12,0.064,0.082,0.149,0.107,0.113
740,0.093,0.094,0.202,0.149,0.039,0.164,0.12,0.063,0.082,0.149,0.107,0.113
741,0.093,0.093,0.201,0.149,0.039,0.164,0.12,0.063,0.082,0.149,0.107,0.113
742,0.092,0.093,0.201,0.149,0.039,0.164,0.12,0.063,0.081,0.148,0.106,0.112
743,0.092,0.093,0.201,0.148,0.038,0.163,0.12,0.063,0.081,0.148,0.106,0.112
744,0.092,0.092,0.201,0.148,0.038,0.163,0.12,0.063,0.081,0.148,0.106,0.112
745,0.091,0.092,0.2,0.148,0.038,0.163,0.12,0.063,0.081,0.147,0.106,0.111
746,0.091,0.092,0.2,0.148,0.038,0.163,0.12,0.062,0.08,0.147,0.105,0.111
747,0.091,0.091,0.2,0.148,0.038,0.163,0.12,0.062,0.08,0.147,0.105,0.111
748,0.09,0.091,0.2,0.147,0.038,0.162,0.12,0.062,0.08,0.146,0.105,0.111
749,0.09,0.091,0.199,0.147,0.038,0.162,0.12,0.062,0.08,0.146,0.104,0.11
750,0.09,0.091,0.199,0.147,0.037,0.162,0.12,0.062,0.079,0.146,0.104,0.11
751,0.09,0.09,0.199,0.147,0.037,0.162,0.12,0.062,0.079,0.145,0.104,0.11
752,0.089,0.09,0.198,0.147,0.037,0.162,0.12,0.062,0.079,0.145,0.104,0.11
753,0.089,0.09,0.198,0.147,0.037,0.162,0.12,0.062,0.079,0.145,0.103,0.109
754,0.089,0.089,0.198,0.147,0.037,0.161,0.12,0.061,0.079,0.144,0.103,0.109
755,0.089,0.089,0.198,0.146,0.037,0.161,0.12,0.061,0.079,0.144,0.103,0.109
756,0.088,0.089,0.198,0.146,0.037,0.161,0.12,0.061,0.078,0.144,0.103,0.109
757,0.088,0.089,0.198,0.146,0.037,0.161,0.12,0.061,0.078,0.144,0.103,0.108
758,0.088,0.089,0.197,0.146,0.037,0.161,0.12,0.061,0.078,0.143,0.102,0.108
759,0.088,0.088,0.197,0.146,0.037,0.161,0.12,0.061,0.078,0.143,0.102,0.108
760,0.087,0.088,0.197,0.146,0.036,0.16,0.12,0.061,0.077,0.143,0.102,0.107
761,0.087,0.088,0.197,0.146,0.036,0.16,0.12,0.061,0.077,0.142,0.101,0.107
762,0.087,0.088,0.197,0.146,0.036,0.16,0.12,0.061,0.077,0.142,0.101,0.107
763,0.087,0.087,0.196,0.146,0.036,0.16,0.12,0.061,0.077,0.142,0.101,0.107
764,0.086,0.087,0.196,0.145,0.036,0.16,0.12,0.061,0.077,0.142,0.101,0.107
765,0.086,0.087,0.196,0.145,0.036,0.16,0.12,0.061,0.077,0.141,0.101,0.106
766,0.086,0.087,0.196,0.145,0.036,0.16,0.12,0.06,0.076,0.141,0.1,0.106
767,0.086,0.086,0.195,0.145,0.036,0.159,0.12,0.06,0.076,0.141,0.1,0.106
768,0.085,0.086,0.195,0.145,0.036,0.159,0.12,0.06,0.076,0.14,0.1,0.105
769,0.085,0.086,0.195,0.145,0.036,0.159,0.12,0.06,0.076,0.14,0.099,0.105
770,0.085,0.086,0.195,0.145,0.036,0.159,0.12,0.06,0.076,0.14,0.099,0.105
771,0.085,0.085,0.195,0.145,0.036,0.159,0.12,0.06,0.075,0.139,0.099,0.105
772,0.085,0.085,0.195,0.144,0.035,0.159,0.12,0.06,0.075,0.139,0.099,0.104
773,0.084,0.085,0.195,0.144,0.035,0.158,0.12,0.06,0.075,0.139,0.098,0.104
774,0.084,0.085,0.194,0.144,0.035,0.158,0.12,0.06,0.075,0.138,0.098,0.104
775,0.084,0.084,0.194,0.144,0.035,0.158,0.12,0.06,0.074,0.138,0.098,0.104
776,0.084,0.084,0.194,0.144,0.035,0.158,0.12,0.06,0.074,0.138,0.098,0.103
777,0.083,0.084,0.194,0.144,0.035,0.158,0.12,0.059,0.074,0.138,0.098,0.103
778,0.083,0.084,0.194,0.144,0.035,0.158,0.12,0.06,0.074,0.137,0.097,0.103
779,0.083,0.083,0.194,0.144,0.035,0.158,0.12,0.059,0.074,0.137,0.097,0.103
780,0.083,0.083,0.193,0.144,0.035,0.157,0.12,0.059,0.073,0.137,0.097,0.102
781,0.083,0.083,0.193,0.144,0.035,0.157,0.12,0.059,0.073,0.136,0.097,0.102
782,0.082,0.083,0.193,0.143,0.035,0.157,0.12,0.059,0.073,0.136,0.096,0.102
783,0.082,0.083,0.193,0.144,0.035,0.157,0.121,0.059,0.073,0.136,0.096,0.102
784,0.082,0.082,0.193,0.143,0.034,0.157,0.12,0.059,0.073,0.135,0.096,0.102
785,0.082,0.082,0.192,0.143,0.034,0.157,0.12,0.059,0.073,0.135,0.096,0.101
786,0.081,0.082,0.192,0.143,0.034,0.156,0.12,0.059,0.072,0.135,0.095,0.101
787,0.081,0.082,0.192,0.143,0.034,0.156,0.12,0.06,0.072,0.135,0.095,0.101
788,0.081,0.081,0.192,0.143,0.034,0.156,0.12,0.06,0.072,0.134,0.095,0.101
789,0.081,0.081,0.192,0.143,0.034,0.156,0.12,0.06,0.072,0.134,0.095,0.1
790,0.081,0.081,0.192,0.143,0.034,0.156,0.12,0.06,0.072,0.134,0.095,0.1
791,0.08,0.081,0.192,0.143,0.034,0.156,0.12,0.061,0.071,0.133,0.094,0.1
792,0.08,0.081,0.191,0.143,0.034,0.155,0.12,0.061,0.071,0.133,0.094,0.1
793,0.08,0.08,0.191,0.143,0.034,0.155,0.12,0.062,0.071,0.133,0.094,0.099
794,0.08,0.08,0.191,0.143,0.034,0.155,0.12,0.063,0.071,0.133,0.094,0.099
795,0.08,0.08,0.191,0.143,0.034,0.155,0.12,0.063,0.071,0.133,0.093,0.099
796,0.08,0.08,0.191,0.143,0.034,0.155,0.12,0.064,0.071,0.132,0.093,0.099
797,0.079,0.079,0.191,0.142,0.034,0.155,0.12,0.065,0.07,0.132,0.093,0.098
798,0.079,0.079,0.191,0.142,0.033,0.155,0.12,0.066,0.07,0.132,0.093,0.098
799,0.079,0.079,0.19,0.142,0.033,0.154,0.12,0.068,0.07,0.132,0.093,0.098
800,0.079,0.079,0.19,0.142,0.033,0.154,0.12,0.069,0.07,0.131,0.092,0.098
801,0.079,0.079,0.19,0.142,0.033,0.154,0.12,0.07,0.07,0.131,0.092,0.098
802,0.078,0.079,0.19,0.142,0.033,0.154,0.12,0.072,0.07,0.131,0.092,0.097
803,0.078,0.078,0.19,0.142,0.033,0.154,0.12,0.074,0.069,0.13,0.092,0.097
804,0.078,0.078,0.19,0.142,0.033,0.154,0.12,0.076,0.069,0.13,0.092,0.097
805,0.078,0.078,0.189,0.142,0.033,0.154,0.12,0.077,0.069,0.13,0.091,0.097
806,0.078,0.078,0.189,0.142,0.033,0.154,0.121,0.079,0.069,0.13,0.091,0.096
807,0.077,0.078,0.189,0.142,0.033,0.153,0.121,0.08,0.069,0.129,0.091,0.096
808,0.077,0.077,0.189,0.142,0.033,0.153,0.121,0.082,0.068,0.129,0.091,0.096
809,0.077,0.077,0.189,0.142,0.033,0.153,0.121,0.083,0.068,0.129,0.09,0.096
810,0.077,0.077,0.189,0.141,0.033,0.153,0.121,0.083,0.068,0.129,0.09,0.095
811,0.077,0.077,0.189,0.141,0.033,0.153,0.121,0.083,0.068,0.128,0.09,0.095
812,0.076,0.077,0.189,0.142,0.033,0.153,0.121,0.082,0.068,0.128,0.09,0.095
813,0.076,0.077,0.189,0.141,0.033,0.153,0.121,0.081,0.068,0.128,0.09,0.095
814,0.076,0.076,0.188,0.141,0.033,0.152,0.121,0.079,0.067,0.128,0.089,0.095
815,0.076,0.076,0.188,0.141,0.033,0.152,0.121,0.077,0.067,0.127,0.089,0.095
816,0.076,0.076,0.188,0.141,0.032,0.152,0.121,0.075,0.067,0.127,0.089,0.094
817,0.076,0.076,0.188,0.141,0.032,0.152,0.121,0.073,0.067,0.127,0.089,0.094
818,0.075,0.076,0.188,0.141,0.032,0.152,0.121,0.071,0.067,0.127,0.089,0.094
819,0.075,0.075,0.188,0.141,0.032,0.152,0.121,0.069,0.067,0.126,0.088,0.094
820,0.075,0.075,0.187,0.141,0.032,0.152,0.121,0.067,0.066,0.126,0.088,0.093
821,0.075,0.075,0.187,0.141,0.032,0.151,0.121,0.066,0.066,0.126,0.088,0.093
822,0.075,0.075,0.187,0.141,0.032,0.151,0.121,0.064,0.066,0.126,0.088,0.093
823,0.075,0.075,0.187,0.141,0.032,0.151,0.121,0.063,0.066,0.125,0.088,0.093
824,0.074,0.075,0.187,0.141,0.032,0.151,0.121,0.062,0.066,0.125,0.087,0.092
825,0.074,0.074,0.187,0.141,0.032,0.151,0.121,0.061,0.066,0.125,0.087,0.092
826,0.074,0.074,0.186,0.141,0.032,0.151,0.121,0.061,0.066,0.124,0.087,0.092
827,0.074,0.074,0.186,0.141,0.032,0.151,0.121,0.06,0.065,0.124,0.087,0.092
828,0.074,0.074,0.186,0.141,0.032,0.15,0.121,0.06,0.065,0.124,0.087,0.092
829,0.074,0.074,0.186,0.141,0.032,0.15,0.121,0.059,0.065,0.124,0.086,0.092
830,0.073,0.074,0.186,0.141,0.032,0.15,0.121,0.059,0.065,0.124,0.086,0.091
831,0.073,0.073,0.186,0.141,0.032,0.15,0.121,0.059,0.065,0.123,0.086,0.091
832,0.073,0.073,0.186,0.141,0.031,0.15,0.121,0.058,0.065,0.123,0.086,0.091
833,0.073,0.073,0.185,0.141,0.031,0.15,0.121,0.058,0.064,0.123,0.086,0.091
834,0.073,0.073,0.185,0.141,0.031,0.15,0.121,0.058,0.064,0.122,0.085,0.09
835,0.072,0.073,0.185,0.141,0.031,0.149,0.121,0.058,0.064,0.122,0.085,0.09
836,0.072,0.073,0.185,0.141,0.031,0.149,0.121,0.058,0.064,0.122,0.085,0.09
837,0.072,0.072,0.185,0.141,0.031,0.149,0.121,0.058,0.064,0.122,0.085,0.09
838,0.072,0.072,0.185,0.141,0.031,0.149,0.121,0.059,0.064,0.122,0.085,0.09
839,0.072,0.072,0.185,0.141,0.031,0.149,0.121,0.059,0.064,0.121,0.084,0.09
840,0.072,0.072,0.185,0.14,0.031,0.149,0.121,0.059,0.063,0.121,0.084,0.089
841,0.071,0.072,0.185,0.14,0.031,0.149,0.121,0.06,0.063,0.121,0.084,0.089
842,0.071,0.071,0.184,0.14,0.031,0.148,0.121,0.06,0.063,0.12,0.084,0.089
843,0.071,0.071,0.184,0.14,0.031,0.148,0.121,0.06,0.063,0.12,0.084,0.089
844,0.071,0.071,0.184,0.14,0.031,0.148,0.121,0.061,0.063,0.12,0.084,0.089
845,0.071,0.071,0.184,0.14,0.031,0.148,0.121,0.062,0.063,0.12,0.083,0.088
846,0.071,0.071,0.184,0.14,0.031,0.148,0.121,0.062,0.062,0.12,0.083,0.088
847,0.071,0.071,0.184,0.14,0.031,0.148,0.121,0.063,0.062,0.119,0.083,0.088
848,0.07,0.07,0.184,0.14,0.031,0.148,0.121,0.064,0.062,0.119,0.083,0.088
849,0.07,0.07,0.183,0.14,0.031,0.147,0.121,0.065,0.062,0.119,0.083,0.087
850,0.07,0.07,0.183,0.14,0.031,0.147,0.121,0.066,0.062,0.119,0.082,0.087
851,0.07,0.07,0.183,0.14,0.031,0.147,0.121,0.067,0.062,0.118,0.082,0.087
852,0.07,0.07,0.183,0.139,0.03,0.147,0.121,0.068,0.061,0.118,0.082,0.087
853,0.07,0.07,0.183,0.139,0.03,0.147,0.121,0.069,0.061,0.118,0.082,0.087
854,0.069,0.069,0.183,0.139,0.03,0.147,0.121,0.071,0.061,0.118,0.082,0.087
855,0.069,0.069,0.182,0.139,0.03,0.146,0.121,0.072,0.061,0.117,0.081,0.086
856,0.069,0.069,0.182,0.139,0.03,0.146,0.121,0.074,0.061,0.117,0.081,0.086
857,0.069,0.069,0.182,0.139,0.03,0.146,0.121,0.075,0.061,0.117,0.081,0.086
858,0.069,0.069,0.182,0.139,0.03,0.146,0.121,0.077,0.061,0.117,0.081,0.086
859,0.069,0.069,0.182,0.139,0.03,0.146,0.121,0.079,0.061,0.117,0.081,0.086
860,0.069,0.069,0.182,0.139,0.03,0.146,0.121,0.08,0.06,0.116,0.081,0.085
861,0.068,0.069,0.182,0.139,0.03,0.146,0.121,0.082,0.06,0.116,0.081,0.085
862,0.068,0.068,0.182,0.139,0.03,0.146,0.121,0.083,0.06,0.116,0.08,0.085
863,0.068,0.068,0.182,0.139,0.03,0.145,0.121,0.084,0.06,0.116,0.08,0.085
864,0.068,0.068,0.182,0.139,0.03,0.145,0.121,0.085,0.06,0.115,0.08,0.085
865,0.068,0.068,0.182,0.14,0.03,0.145,0.121,0.086,0.06,0.115,0.08,0.085
866,0.068,0.068,0.181,0.139,0.03,0.145,0.121,0.087,0.059,0.115,0.079,0.084
867,0.067,0.067,0.181,0.139,0.03,0.145,0.121,0.087,0.059,0.114,0.079,0.084
868,0.067,0.067,0.181,0.139,0.03,0.145,0.121,0.088,0.059,0.114,0.079,0.084
869,0.067,0.067,0.181,0.139,0.03,0.145,0.121,0.088,0.059,0.114,0.079,0.084
870,0.067,0.067,0.181,0.139,0.03,0.144,0.121,0.088,0.059,0.114,0.079,0.084
871,0.067,0.067,0.181,0.139,0.03,0.144,0.121,0.088,0.059,0.114,0.079,0.083
872,0.067,0.067,0.181,0.139,0.029,0.144,0.121,0.087,0.059,0.113,0.078,0.083
873,0.067,0.067,0.181,0.139,0.029,0.144,0.121,0.087,0.059,0.113,0.078,0.083
874,0.066,0.067,0.181,0.139,0.029,0.144,0.121,0.087,0.058,0.113,0.078,0.083
875,0.066,0.066,0.18,0.139,0.029,0.144,0.121,0.087,0.058,0.113,0.078,0.083
876,0.066,0.066,0.18,0.139,0.029,0.144,0.121,0.087,0.058,0.113,0.078,0.083
877,0.066,0.066,0.18,0.139,0.029,0.143,0.121,0.086,0.058,0.112,0.078,0.082
878,0.066,0.066,0.18,0.139,0.029,0.143,0.121,0.086,0.058,0.112,0.077,0.082
879,0.066,0.066,0.18,0.139,0.029,0.143,0.121,0.086,0.058,0.112,0.077,0.082
880,0.066,0.066,0.18,0.139,0.029,0.143,0.121,0.085,0.058,0.112,0.077,0.082
881,0.065,0.065,0.179,0.139,0.029,0.143,0.121,0.085,0.057,0.111,0.077,0.082
882,0.065,0.065,0.179,0.139,0.029,0.143,0.121,0.084,0.057,0.111,0.077,0.081
883,0.065,0.065,0.179,0.139,0.029,0.143,0.121,0.084,0.057,0.111,0.077,0.081
884,0.065,0.065,0.179,0.139,0.029,0.142,0.121,0.084,0.057,0.111,0.076,0.081
885,0.065,0.065,0.179,0.139,0.029,0.142,0.121,0.083,0.057,0.11,0.076,0.081
886,0.065,0.065,0.179,0.139,0.029,0.142,0.121,0.082,0.057,0.11,0.076,0.081
887,0.065,0.065,0.179,0.139,0.029,0.142,0.121,0.082,0.057,0.11,0.076,0.081
888,0.065,0.064,0.179,0.139,0.029,0.142,0.121,0.081,0.056,0.11,0.076,0.08
889,0.064,0.064,0.178,0.138,0.029,0.142,0.121,0.08,0.056,0.109,0.076,0.08
890,0.064,0.064,0.178,0.138,0.029,0.142,0.121,0.08,0.056,0.109,0.075,0.08
891,0.064,0.064,0.178,0.138,0.029,0.141,0.121,0.079,0.056,0.109,0.075,0.08
892,0.064,0.064,0.178,0.138,0.029,0.141,0.121,0.078,0.056,0.109,0.075,0.08
893,0.064,0.064,0.178,0.138,0.029,0.141,0.121,0.077,0.056,0.109,0.075,0.08
894,0.064,0.064,0.178,0.138,0.029,0.141,0.121,0.076,0.056,0.108,0.075,0.079
895,0.064,0.064,0.178,0.138,0.029,0.141,0.121,0.075,0.056,0.108,0.075,0.079
896,0.063,0.063,0.178,0.138,0.028,0.141,0.121,0.074,0.055,0.108,0.074,0.079
897,0.063,0.063,0.178,0.138,0.028,0.141,0.121,0.073,0.055,0.108,0.074,0.079
898,0.063,0.063,0.177,0.138,0.028,0.14,0.121,0.071,0.055,0.107,0.074,0.079
899,0.063,0.063,0.177,0.138,0.028,0.14,0.121,0.07,0.055,0.107,0.074,0.079
900,0.063,0.063,0.177,0.138,0.028,0.14,0.121,0.069,0.055,0.107,0.074,0.078
901,0.063,0.063,0.177,0.138,0.028,0.14,0.121,0.068,0.055,0.107,0.074,0.078
902,0.063,0.063,0.177,0.138,0.028,0.14,0.121,0.067,0.055,0.107,0.073,0.078
903,0.062,0.062,0.177,0.138,0.028,0.14,0.121,0.066,0.054,0.106,0.073,0.078
904,0.062,0.062,0.177,0.138,0.028,0.139,0.121,0.065,0.054,0.106,0.073,0.078
905,0.062,0.062,0.177,0.138,0.028,0.139,0.121,0.063,0.054,0.106,0.073,0.078
906,0.062,0.062,0.177,0.138,0.028,0.139,0.121,0.062,0.054,0.106,0.073,0.077
907,0.062,0.062,0.176,0.138,0.028,0.139,0.121,0.061,0.054,0.105,0.073,0.077
908,0.062,0.062,0.176,0.138,0.028,0.139,0.121,0.06,0.054,0.105,0.072,0.077
909,0.062,0.062,0.176,0.138,0.028,0.139,0.121,0.059,0.054,0.105,0.072,0.077
910,0.062,0.061,0.176,0.138,0.028,0.139,0.121,0.058,0.054,0.105,0.072,0.077
911,0.061,0.061,0.176,0.138,0.028,0.139,0.121,0.057,0.053,0.105,0.072,0.076
912,0.061,0.061,0.176,0.138,0.028,0.138,0.121,0.057,0.053,0.104,0.072,0.076
913,0.061,0.061,0.175,0.138,0.028,0.138,0.121,0.056,0.053,0.104,0.072,0.076
914,0.061,0.061,0.175,0.138,0.028,0.138,0.121,0.055,0.053,0.104,0.072,0.076
915,0.061,0.061,0.175,0.138,0.028,0.138,0.121,0.054,0.053,0.104,0.071,0.076
916,0.061,0.061,0.175,0.138,0.028,0.138,0.121,0.054,0.053,0.104,0.071,0.076
917,0.061,0.061,0.175,0.138,0.027,0.138,0.121,0.053,0.053,0.103,0.071,0.075
918,0.06,0.06,0.175,0.138,0.027,0.138,0.121,0.052,0.052,0.103,0.071,0.075
919,0.06,0.06,0.175,0.138,0.027,0.137,0.121,0.051,0.052,0.103,0.071,0.075
920,0.06,0.06,0.175,0.138,0.027,0.137,0.121,0.051,0.052,0.103,0.071,0.075
921,0.06,0.06,0.175,0.138,0.027,0.137,0.121,0.05,0.052,0.103,0.07,0.075
922,0.06,0.06,0.175,0.138,0.027,0.137,0.121,0.05,0.052,0.102,0.07,0.075
923,0.06,0.06,0.175,0.138,0.027,0.137,0.121,0.049,0.052,0.102,0.07,0.075
924,0.06,0.06,0.174,0.138,0.027,0.137,0.121,0.049,0.052,0.102,0.07,0.074
925,0.06,0.06,0.174,0.138,0.027,0.137,0.121,0.049,0.052,0.102,0.07,0.074
926,0.059,0.059,0.174,0.138,0.027,0.137,0.121,0.048,0.052,0.101,0.07,0.074
927,0.059,0.059,0.174,0.137,0.027,0.136,0.121,0.048,0.051,0.101,0.069,0.074
928,0.059,0.059,0.174,0.137,0.027,0.136,0.121,0.047,0.051,0.101,0.069,0.074
929,0.059,0.059,0.174,0.137,0.027,0.136,0.121,0.047,0.051,0.101,0.069,0.074
930,0.059,0.059,0.174,0.137,0.027,0.136,0.121,0.047,0.051,0.101,0.069,0.074
931,0.059,0.059,0.173,0.137,0.027,0.136,0.121,0.046,0.051,0.1,0.069,0.073
932,0.059,0.059,0.173,0.137,0.027,0.136,0.121,0.046,0.051,0.1,0.069,0.073
933,0.059,0.058,0.173,0.137,0.027,0.136,0.121,0.046,0.051,0.1,0.069,0.073
934,0.058,0.058,0.173,0.137,0.027,0.136,0.121,0.046,0.051,0.1,0.069,0.073
935,0.058,0.058,0.173,0.137,0.027,0.136,0.121,0.045,0.051,0.1,0.068,0.073
936,0.058,0.058,0.173,0.137,0.027,0.135,0.121,0.045,0.051,0.099,0.068,0.073
937,0.058,0.058,0.173,0.137,0.027,0.135,0.121,0.045,0.05,0.099,0.068,0.072
938,0.058,0.058,0.173,0.137,0.027,0.135,0.121,0.045,0.05,0.099,0.068,0.072
939,0.058,0.058,0.173,0.137,0.027,0.135,0.121,0.044,0.05,0.099,0.068,0.072
940,0.058,0.058,0.172,0.137,0.027,0.135,0.121,0.044,0.05,0.099,0.068,0.072
941,0.058,0.057,0.172,0.137,0.026,0.135,0.121,0.044,0.05,0.098,0.068,0.072
942,0.057,0.057,0.172,0.137,0.026,0.135,0.121,0.044,0.05,0.098,0.067,0.072
943,0.057,0.057,0.172,0.136,0.026,0.134,0.121,0.043,0.05,0.098,0.067,0.071
944,0.057,0.057,0.172,0.136,0.026,0.134,0.121,0.043,0.05,0.098,0.067,0.071
945,0.057,0.057,0.172,0.136,0.026,0.134,0.121,0.043,0.05,0.098,0.067,0.071
946,0.057,0.057,0.172,0.136,0.026,0.134,0.121,0.043,0.049,0.097,0.067,0.071
947,0.057,0.057,0.171,0.136,0.026,0.134,0.121,0.043,0.049,0.097,0.067,0.071
948,0.057,0.056,0.171,0.136,0.026,0.134,0.121,0.043,0.049,0.097,0.067,0.071
949,0.057,0.056,0.171,0.136,0.026,0.134,0.121,0.042,0.049,0.097,0.066,0.071
950,0.056,0.056,0.171,0.136,0.026,0.134,0.121,0.042,0.049,0.097,0.066,0.07
951,0.056,0.056,0.171,0.136,0.026,0.134,0.121,0.042,0.049,0.096,0.066,0.07
952,0.056,0.056,0.171,0.136,0.026,0.134,0.121,0.042,0.049,0.096,0.066,0.07
953,0.056,0.056,0.171,0.136,0.026,0.133,0.121,0.042,0.049,0.096,0.066,0.07
954,0.056,0.056,0.171,0.136,0.026,0.133,0.121,0.042,0.049,0.096,0.066,0.07
955,0.056,0.056,0.171,0.136,0.026,0.133,0.121,0.042,0.049,0.096,0.066,0.07
956,0.056,0.055,0.17,0.136,0.026,0.133,0.121,0.042,0.049,0.095,0.065,0.07
957,0.056,0.055,0.17,0.136,0.026,0.133,0.121,0.041,0.048,0.095,0.065,0.069
958,0.055,0.055,0.17,0.136,0.026,0.133,0.121,0.041,0.048,0.095,0.065,0.069
959,0.055,0.055,0.17,0.136,0.026,0.133,0.121,0.041,0.048,0.095,0.065,0.069
960,0.055,0.055,0.17,0.136,0.026,0.133,0.121,0.041,0.048,0.095,0.065,0.069
961,0.055,0.055,0.17,0.135,0.026,0.133,0.121,0.041,0.048,0.095,0.065,0.069
962,0.055,0.054,0.17,0.135,0.026,0.132,0.121,0.041,0.048,0.094,0.065,0.069
963,0.055,0.054,0.17,0.135,0.026,0.132,0.122,0.041,0.048,0.094,0.064,0.069
964,0.055,0.054,0.17,0.135,0.026,0.132,0.121,0.041,0.048,0.094,0.064,0.068
965,0.055,0.054,0.17,0.135,0.025,0.132,0.121,0.04,0.048,0.094,0.064,0.068
966,0.054,0.054,0.169,0.135,0.025,0.132,0.121,0.04,0.048,0.093,0.064,0.068
967,0.054,0.054,0.169,0.135,0.026,0.132,0.121,0.04,0.047,0.093,0.064,0.068
968,0.054,0.054,0.169,0.135,0.025,0.132,0.121,0.04,0.047,0.093,0.064,0.068
969,0.054,0.054,0.169,0.135,0.026,0.132,0.121,0.04,0.047,0.093,0.064,0.068
970,0.054,0.053,0.169,0.135,0.025,0.131,0.121,0.04,0.047,0.093,0.063,0.068
971,0.054,0.053,0.169,0.135,0.025,0.131,0.121,0.04,0.047,0.093,0.063,0.067
972,0.054,0.053,0.169,0.135,0.026,0.131,0.121,0.04,0.047,0.092,0.063,0.067
973,0.054,0.053,0.169,0.135,0.026,0.131,0.121,0.04,0.047,0.092,0.063,0.067
974,0.054,0.053,0.169,0.135,0.026,0.131,0.121,0.039,0.047,0.092,0.063,0.067
975,0.054,0.053,0.168,0.135,0.026,0.131,0.121,0.039,0.047,0.092,0.063,0.067
976,0.054,0.053,0.169,0.135,0.026,0.131,0.122,0.039,0.047,0.091,0.063,0.067
977,0.053,0.053,0.168,0.135,0.026,0.131,0.122,0.039,0.047,0.091,0.063,0.067
978,0.053,0.053,0.168,0.135,0.026,0.131,0.122,0.039,0.046,0.091,0.063,0.067
979,0.053,0.053,0.168,0.135,0.025,0.13,0.121,0.039,0.046,0.091,0.062,0.066
980,0.053,0.053,0.168,0.135,0.025,0.13,0.121,0.039,0.046,0.091,0.062,0.066
981,0.053,0.052,0.168,0.135,0.026,0.13,0.121,0.039,0.046,0.091,0.062,0.066
982,0.053,0.052,0.168,0.135,0.026,0.13,0.121,0.038,0.046,0.09,0.062,0.066
983,0.053,0.052,0.168,0.135,0.026,0.13,0.122,0.038,0.046,0.09,0.062,0.066
984,0.053,0.052,0.168,0.135,0.025,0.13,0.121,0.038,0.046,0.09,0.062,0.066
985,0.053,0.052,0.168,0.135,0.025,0.13,0.122,0.038,0.046,0.09,0.062,0.066
986,0.053,0.052,0.168,0.135,0.026,0.129,0.122,0.038,0.046,0.09,0.061,0.066
987,0.052,0.052,0.167,0.135,0.026,0.129,0.122,0.038,0.045,0.089,0.061,0.065
988,0.052,0.052,0.167,0.135,0.026,0.129,0.122,0.038,0.045,0.089,0.061,0.065
989,0.052,0.052,0.167,0.135,0.026,0.129,0.122,0.038,0.045,0.089,0.061,0.065
990,0.052,0.052,0.167,0.135,0.026,0.129,0.122,0.037,0.045,0.089,0.061,0.065
991,0.052,0.051,0.167,0.135,0.026,0.129,0.122,0.037,0.045,0.089,0.061,0.065
992,0.052,0.051,0.167,0.135,0.026,0.129,0.122,0.037,0.045,0.088,0.061,0.065
993,0.052,0.051,0.167,0.135,0.026,0.129,0.122,0.037,0.045,0.088,0.061,0.065
994,0.052,0.051,0.167,0.135,0.026,0.129,0.122,0.037,0.045,0.088,0.061,0.065
995,0.052,0.051,0.167,0.135,0.026,0.129,0.122,0.037,0.045,0.088,0.06,0.064
996,0.052,0.051,0.166,0.135,0.026,0.128,0.122,0.037,0.045,0.087,0.06,0.064
997,0.052,0.051,0.166,0.134,0.026,0.128,0.122,0.037,0.044,0.087,0.06,0.064
998,0.052,0.051,0.166,0.135,0.026,0.128,0.122,0.037,0.044,0.087,0.06,0.064
999,0.051,0.051,0.166,0.134,0.026,0.128,0.122,0.036,0.044,0.087,0.06,0.064
1000,0.051,0.051,0.166,0.134,0.027,0.128,0.122,0.036,0.044,0.087,0.06,0.064
